<?xml version="1.0" encoding="UTF-8"?><rss version="2.0"
	xmlns:content="http://purl.org/rss/1.0/modules/content/"
	xmlns:wfw="http://wellformedweb.org/CommentAPI/"
	xmlns:dc="http://purl.org/dc/elements/1.1/"
	xmlns:atom="http://www.w3.org/2005/Atom"
	xmlns:sy="http://purl.org/rss/1.0/modules/syndication/"
	xmlns:slash="http://purl.org/rss/1.0/modules/slash/"
	>

<channel>
	<title>CADESOFT</title>
	<atom:link href="/feed/" rel="self" type="application/rss+xml" />
	<link>/</link>
	<description></description>
	<lastBuildDate>Wed, 23 Oct 2024 20:18:41 +0000</lastBuildDate>
	<language>es</language>
	<sy:updatePeriod>
	hourly	</sy:updatePeriod>
	<sy:updateFrequency>
	1	</sy:updateFrequency>
	<generator>https://wordpress.org/?v=6.6.2</generator>

<image>
	<url>/wp-content/uploads/2024/10/cropped-Isotipo-CadeSoft-32x32.png</url>
	<title>CADESOFT</title>
	<link>/</link>
	<width>32</width>
	<height>32</height>
</image> 
	<item>
		<title>Cómo Elegir el Socio Ideal para el Desarrollo de Software</title>
		<link>/como-elegir-el-socio-ideal-para-el-desarrollo-de-software/</link>
					<comments>/como-elegir-el-socio-ideal-para-el-desarrollo-de-software/#respond</comments>
		
		<dc:creator><![CDATA[joelcabral]]></dc:creator>
		<pubDate>Wed, 23 Oct 2024 19:21:11 +0000</pubDate>
				<category><![CDATA[Blog]]></category>
		<guid isPermaLink="false">/?p=201</guid>

					<description><![CDATA[Seleccionar el socio adecuado para el desarrollo de software puede marcar la diferencia entre un proyecto exitoso y uno que se desvíe de su objetivo. Dada la naturaleza técnica y colaborativa de estos proyectos, encontrar el equipo ideal es crucial para cumplir con los plazos, los presupuestos y las expectativas. A continuación, te compartimos algunas [&#8230;]]]></description>
										<content:encoded><![CDATA[<p>Seleccionar el socio adecuado para el desarrollo de software puede marcar la diferencia entre un proyecto exitoso y uno que se desvíe de su objetivo. Dada la naturaleza técnica y colaborativa de estos proyectos, encontrar el equipo ideal es crucial para cumplir con los plazos, los presupuestos y las expectativas. A continuación, te compartimos algunas claves para elegir correctamente a tu socio de desarrollo de software y garantizar una colaboración efectiva.</p>
<h4>1. Comprensión del sector y experiencia relevante</h4>
<p>El primer aspecto a considerar es la experiencia del equipo en tu sector o en proyectos similares. Una empresa que haya trabajado en proyectos relacionados con tu industria estará mejor posicionada para entender tus necesidades, retos y el contexto en el que operas. Además, revisa su portafolio para ver la calidad de su trabajo previo.</p>
<h4>2. Capacidades técnicas y tecnologías</h4>
<p>El desarrollo de software implica una amplia variedad de tecnologías y lenguajes de programación. Es importante que el equipo de desarrollo cuente con experiencia en las herramientas y plataformas que mejor se adapten a tu proyecto. Además, evalúa si tienen conocimientos en tecnologías emergentes que podrían agregar valor a tu producto.</p>
<h4>3. Cultura de trabajo y metodología</h4>
<p>Un buen socio de desarrollo de software debe alinearse con la cultura de tu empresa y la forma en que prefieres trabajar. ¿Prefieres un enfoque ágil con entregas rápidas y colaborativas o un enfoque más tradicional? Es fundamental que ambas partes estén alineadas en cuanto a la metodología de trabajo y los procesos de comunicación.</p>
<h4>4. Transparencia y comunicación</h4>
<p>Una colaboración exitosa se basa en la comunicación clara y frecuente. Elige un socio que valore la transparencia en su proceso, desde los informes de progreso hasta la facturación. Asegúrate de que las expectativas sean claras desde el principio y que exista un canal de comunicación abierto para resolver cualquier duda o problema que pueda surgir.</p>
<h4>5. Soporte y mantenimiento a largo plazo</h4>
<p>El desarrollo de software no termina con la entrega del producto. Asegúrate de que el equipo de desarrollo ofrezca soporte continuo y mantenimiento a largo plazo para que tu software se mantenga actualizado, seguro y libre de errores. Un socio comprometido estará disponible para implementar mejoras, realizar actualizaciones y solucionar problemas que puedan surgir después del lanzamiento.</p>
<p>Al seguir estas claves, podrás elegir un socio de desarrollo de software que no solo entregue un producto de calidad, sino que también se convierta en un colaborador estratégico en el crecimiento de tu negocio.</p>
]]></content:encoded>
					
					<wfw:commentRss>/como-elegir-el-socio-ideal-para-el-desarrollo-de-software/feed/</wfw:commentRss>
			<slash:comments>0</slash:comments>
		
		
			</item>
		<item>
		<title>5 Tendencias que redefinen el futuro del desarrollo de software</title>
		<link>/5-tendencias-que-redefinen-el-futuro-del-desarrollo-de-software/</link>
					<comments>/5-tendencias-que-redefinen-el-futuro-del-desarrollo-de-software/#respond</comments>
		
		<dc:creator><![CDATA[joelcabral]]></dc:creator>
		<pubDate>Wed, 23 Oct 2024 19:20:55 +0000</pubDate>
				<category><![CDATA[Blog]]></category>
		<guid isPermaLink="false">/?p=199</guid>

					<description><![CDATA[La industria del desarrollo de software está en constante evolución, impulsada por la innovación tecnológica. Cada año surgen nuevas herramientas, enfoques y tecnologías que transforman la manera en que las soluciones digitales son creadas. En este artículo, exploraremos las cinco tendencias tecnológicas más relevantes que están redefiniendo el futuro del desarrollo de software y cómo [&#8230;]]]></description>
										<content:encoded><![CDATA[<p>La industria del desarrollo de software está en constante evolución, impulsada por la innovación tecnológica. Cada año surgen nuevas herramientas, enfoques y tecnologías que transforman la manera en que las soluciones digitales son creadas. En este artículo, exploraremos las cinco tendencias tecnológicas más relevantes que están redefiniendo el futuro del desarrollo de software y cómo están influyendo en la forma en que trabajamos.</p>
<h4>1. Inteligencia Artificial y Machine Learning</h4>
<p>La IA y el Machine Learning ya no son solo buzzwords; se han convertido en herramientas clave para el desarrollo de software. Desde algoritmos de recomendación hasta automatización avanzada, la integración de IA permite crear aplicaciones más inteligentes, capaces de aprender y adaptarse a las necesidades del usuario. Esta tecnología está mejorando la eficiencia en áreas como el análisis predictivo, procesamiento del lenguaje natural (NLP) y reconocimiento de imágenes.</p>
<h4>2. Desarrollo de software Low-Code/No-Code</h4>
<p>El enfoque low-code y no-code está permitiendo que más personas sin conocimientos técnicos profundos puedan participar en el desarrollo de aplicaciones. Estas plataformas facilitan la creación de software mediante interfaces visuales y componentes preconstruidos, lo que acelera el tiempo de desarrollo. Aunque no reemplaza a los desarrolladores tradicionales, este enfoque democratiza la creación de software y permite a las empresas prototipar y desplegar soluciones rápidamente.</p>
<h4>3. Computación en la Nube (Cloud Computing)</h4>
<p>El desarrollo de software se está moviendo rápidamente hacia la nube. Plataformas como AWS, Azure y Google Cloud permiten a los equipos de desarrollo desplegar, escalar y gestionar aplicaciones de manera eficiente, sin la necesidad de infraestructura física. La nube también facilita el desarrollo colaborativo, permitiendo a equipos remotos trabajar en un mismo proyecto desde cualquier parte del mundo.</p>
<h4>4. Microservicios y Arquitectura basada en APIs</h4>
<p>La tendencia de dividir grandes aplicaciones monolíticas en microservicios es cada vez más popular. Este enfoque permite que cada componente de una aplicación sea desarrollado y desplegado de forma independiente, lo que mejora la escalabilidad, el mantenimiento y la flexibilidad. Las arquitecturas basadas en APIs también permiten una integración más sencilla con otros sistemas y servicios, impulsando la interoperabilidad en el desarrollo de software.</p>
<h4>5. DevOps y Automatización</h4>
<p>DevOps ha cambiado la forma en que los equipos de desarrollo y operaciones trabajan juntos, mejorando la colaboración y acelerando los ciclos de entrega de software. La automatización de tareas como pruebas, despliegues y monitoreo continuo permite a los equipos entregar software de mayor calidad en menos tiempo, manteniendo un flujo constante de mejoras y correcciones.</p>
<p>Estas tendencias están moldeando el futuro del desarrollo de software, permitiendo a las empresas adaptarse más rápidamente a las demandas del mercado y mejorar la experiencia del usuario final.</p>
]]></content:encoded>
					
					<wfw:commentRss>/5-tendencias-que-redefinen-el-futuro-del-desarrollo-de-software/feed/</wfw:commentRss>
			<slash:comments>0</slash:comments>
		
		
			</item>
		<item>
		<title>El proceso detrás del desarrollo de software a medida</title>
		<link>/el-proceso-detras-del-desarrollo-de-software-a-medida/</link>
					<comments>/el-proceso-detras-del-desarrollo-de-software-a-medida/#respond</comments>
		
		<dc:creator><![CDATA[joelcabral]]></dc:creator>
		<pubDate>Wed, 23 Oct 2024 19:20:39 +0000</pubDate>
				<category><![CDATA[Blog]]></category>
		<guid isPermaLink="false">/?p=197</guid>

					<description><![CDATA[El desarrollo de software a medida es el puente que conecta las ideas innovadoras con soluciones digitales tangibles. Pero, ¿cómo se logra transformar una visión en una aplicación funcional que satisface necesidades específicas? Este proceso, aunque puede parecer complejo, sigue una serie de pasos clave que aseguran que cada proyecto se ejecute de manera eficiente, [&#8230;]]]></description>
										<content:encoded><![CDATA[<p>El desarrollo de software a medida es el puente que conecta las ideas innovadoras con soluciones digitales tangibles. Pero, ¿cómo se logra transformar una visión en una aplicación funcional que satisface necesidades específicas? Este proceso, aunque puede parecer complejo, sigue una serie de pasos clave que aseguran que cada proyecto se ejecute de manera eficiente, escalable y exitosa. A continuación, exploramos el camino que recorre una idea desde el concepto hasta su implementación.</p>
<h4>1. Entendimiento de la necesidad</h4>
<p>Todo comienza con una idea, pero más que eso, es fundamental identificar el problema que se busca solucionar. En esta primera fase, las reuniones con el cliente son esenciales para comprender sus objetivos, necesidades y desafíos. Un equipo de desarrollo de software a medida actúa como consultor, ayudando a definir las características esenciales y estableciendo las bases para el desarrollo de la solución.</p>
<h4>2. Diseño y planificación</h4>
<p>Una vez que se han identificado los requisitos, el siguiente paso es convertirlos en un plan claro y detallado. Esto incluye diseñar la arquitectura del software, definir las tecnologías a utilizar y crear wireframes o prototipos que muestren cómo funcionará la solución. En esta etapa también se planifica el cronograma de desarrollo y se establecen las expectativas en términos de tiempos y costos.</p>
<h4>3. Desarrollo del software</h4>
<p>La fase de desarrollo es donde la magia sucede. Aquí, el equipo de desarrolladores comienza a escribir el código, siguiendo las pautas definidas en la planificación. Dependiendo de la metodología utilizada (ágil, cascada, etc.), esta etapa puede dividirse en sprints (enfoques ágiles) o en fases bien estructuradas.</p>
<h4>4. Pruebas y aseguramiento de calidad</h4>
<p>Antes de lanzar el producto, es crucial asegurarse de que funcione sin problemas. Las pruebas de calidad incluyen verificar que el software cumpla con los requisitos del cliente, no presente errores y sea seguro. Este proceso puede implicar pruebas manuales y automatizadas, tanto en términos de funcionalidad como de rendimiento bajo diferentes condiciones.</p>
<h4>5. Implementación y mantenimiento</h4>
<p>Una vez que el software ha pasado por todas las pruebas, llega el momento de su implementación. El producto final se entrega al cliente y se despliega en su entorno operativo. Pero el desarrollo no termina aquí. El mantenimiento es una parte crucial para garantizar que el software siga funcionando de manera óptima, permitiendo actualizaciones, correcciones de errores y escalabilidad a futuro.</p>
<p>El desarrollo de software a medida es un proceso iterativo y colaborativo. Cada proyecto es único, pero el enfoque metódico garantiza que las ideas se conviertan en herramientas poderosas que transforman negocios.</p>
]]></content:encoded>
					
					<wfw:commentRss>/el-proceso-detras-del-desarrollo-de-software-a-medida/feed/</wfw:commentRss>
			<slash:comments>0</slash:comments>
		
		
			</item>
	</channel>
</rss>
