<?xml version="1.0" encoding="UTF-8"?><rss version="2.0"
	xmlns:content="http://purl.org/rss/1.0/modules/content/"
	xmlns:dc="http://purl.org/dc/elements/1.1/"
	xmlns:atom="http://www.w3.org/2005/Atom"
	xmlns:sy="http://purl.org/rss/1.0/modules/syndication/"
	
	>
<channel>
	<title>
	Comentarios en: El proceso detrás del desarrollo de software a medida	</title>
	<atom:link href="/el-proceso-detras-del-desarrollo-de-software-a-medida/feed/" rel="self" type="application/rss+xml" />
	<link>/el-proceso-detras-del-desarrollo-de-software-a-medida/</link>
	<description></description>
	<lastBuildDate>Wed, 23 Oct 2024 20:18:41 +0000</lastBuildDate>
	<sy:updatePeriod>
	hourly	</sy:updatePeriod>
	<sy:updateFrequency>
	1	</sy:updateFrequency>
	<generator>https://wordpress.org/?v=6.6.2</generator>
</channel>
</rss>
